{"2":0.0952380952380952,"4":0.142857142857143,"1":0.761904761904762,"3":0.80952380952381}
