train.size,percent.correct.labels,auc,percent.correct.intervals
2,0,0.956107142857143,0
4,0,0.956107142857143,0
6,0,0.956107142857143,0
8,0,0.956107142857143,0
10,0,0.956107142857143,0
12,0,0.956107142857143,0
14,0,0.956107142857143,0
16,0,0.956107142857143,0
18,0,0.956107142857143,0
20,0,0.956107142857143,0
25,0,0.956107142857143,0
30,0,0.956107142857143,0
35,0,0.956107142857143,0
36,0,0.956107142857143,0
