{"3":0.461538461538462,"1":0.923076923076923,"2":0.423076923076923,"4":0.461538461538462}
