{"1":0.192307692307692,"2":0.461538461538462,"3":0.0769230769230769,"4":0.230769230769231}
