{"1":0.576923076923077,"2":0.192307692307692,"3":0.0769230769230769,"4":0.0769230769230769}
