{"1":0.538461538461538,"2":0.653846153846154,"3":0.846153846153846,"4":0.230769230769231}
