{"1":0.269230769230769,"2":0.692307692307692,"3":0.153846153846154,"4":0}
