{"1":0.5,"2":0.653846153846154,"3":1,"4":0.461538461538462}
