{"1":0.423076923076923,"2":0.730769230769231,"3":0.384615384615385,"4":0.230769230769231}
