{"1":0.5,"2":0.615384615384615,"3":0.846153846153846,"4":0.384615384615385}
