{"1":0.576923076923077,"2":0.576923076923077,"3":0.769230769230769,"4":0.153846153846154}
