{"1":0.653846153846154,"2":0.0769230769230769,"3":0.923076923076923,"4":0}
