{"1":0.653846153846154,"2":0.0769230769230769,"3":0.461538461538462,"4":0.384615384615385}
