{"1":0.653846153846154,"2":0.153846153846154,"3":0.0769230769230769,"4":0.153846153846154}
