{"1":0.692307692307692,"2":0.192307692307692,"3":0.0769230769230769,"4":0.153846153846154}
