{"eta": 0.401, "max_depth": 8.0, "min_child_weight": 20.1, "reg_alpha": 18.565413149854656, "reg_lambda": 0.00014599082378876662}