{"eta": 0.30100000000000005, "max_depth": 6.0, "min_child_weight": 30.1, "reg_alpha": 0.023206643183113763, "reg_lambda": 0.01970410030194167}