{"eta": 0.201, "max_depth": 2.0, "min_child_weight": 0.1, "reg_alpha": 0.8646624336086826, "reg_lambda": 3.4953751980056085, "sigma": 1, "distribution": "normal", "num_round": 65, "min_val_error": 4.612843}