{"eta": 0.901, "max_depth": 2.0, "min_child_weight": 0.1, "reg_alpha": 0.0010446781646426277, "reg_lambda": 18.57184372456476}