{"1": 785.3484344482422, "2": 844.2892422676086, "3": 794.5498647689819, "4": 831.350067615509}