{"1_normal":264.609977006912,"1_logistic":264.609977006912,"1_extreme":264.609977006912,"2_normal":284.337630430857,"2_logistic":284.337630430857,"2_extreme":284.337630430857,"3_normal":267.365477482478,"3_logistic":267.365477482478,"3_extreme":267.365477482478,"4_normal":279.693435827891,"4_logistic":279.693435827891,"4_extreme":279.693435827891}
