{"1_normal": 26.672723054885864, "1_logistic": 53.41000247001648, "1_extreme": 71.14060974121094, "2_normal": 29.045836925506592, "2_logistic": 59.7101686000824, "2_extreme": 81.02903389930725, "3_normal": 25.81146788597107, "3_logistic": 51.75788712501526, "3_extreme": 72.051025390625, "4_normal": 30.680001735687256, "4_logistic": 61.222517013549805, "4_extreme": 82.73304581642151}