{"1": 8.481496572494507, "2": 8.723649024963379, "3": 7.546567678451538, "4": 7.7302398681640625}