{"1_normal": 184.84771823883057, "1_logistic": 378.8341934680939, "1_extreme": 521.240071773529, "2_normal": 213.40623664855957, "2_logistic": 436.4699761867523, "2_extreme": 605.7705090045929, "3_normal": 186.0398998260498, "3_logistic": 377.073961019516, "3_extreme": 541.3385837078094, "4_normal": 213.14562487602234, "4_logistic": 439.9196767807007, "4_extreme": 608.777845621109}