{"1": 921.8561987876892, "2": 978.0795564651489, "3": 1014.2165296077728, "4": 970.713095664978}