{"1_normal": 1.1941986083984375, "1_logistic": 1.8946473598480225, "1_extreme": 2.815408229827881, "2_normal": 1.3453848361968994, "2_logistic": 2.1030688285827637, "2_extreme": 3.067934036254883, "3_normal": 1.2133488655090332, "3_logistic": 1.915081262588501, "3_extreme": 2.8549187183380127, "4_normal": 1.3176846504211426, "4_logistic": 2.0998737812042236, "4_extreme": 3.0608673095703125}