{"1_normal":310.056056817373,"1_logistic":310.056056817373,"1_extreme":310.056056817373,"2_normal":328.918588638306,"2_logistic":328.918588638306,"2_extreme":328.918588638306,"3_normal":342.304754257202,"3_logistic":342.304754257202,"3_extreme":342.304754257202,"4_normal":327.305034478505,"4_logistic":327.305034478505,"4_extreme":327.305034478505}
