{"1":930.168170452118,"2":986.755765914917,"3":1026.91426277161,"4":981.915103435516}
