{"1":793.829931020737,"2":853.012891292572,"3":802.096432447433,"4":839.080307483673}
