{"1": 8.311971664428711, "2": 8.676209449768066, "3": 12.697733163833618, "4": 11.20200777053833}