train.size,percent.correct.labels,auc,percent.correct.intervals
2,62.5,0.998214285714286,18.75
4,77.5,0.998214285714286,50
6,80,0.998214285714286,50
8,82.5,0.997321428571429,56.25
10,85,0.998214285714286,62.5
12,80,0.994642857142857,56.25
14,82.5,0.996428571428572,62.5
16,82.5,0.996428571428572,62.5
18,80,0.997321428571429,56.25
20,80,0.997321428571429,50
24,80,0.997321428571429,50
