{"1": 7.696818113327026, "2": 7.91028904914856, "3": 7.662598133087158, "4": 7.6662821769714355}