{"1": 784.9135046005249, "2": 809.2064170837402, "3": 909.4788897037506, "4": 808.4260950088501}