{"4":0.750503018108652,"1":0.496503496503497,"3":0.795518207282913,"2":0.930761622156281}
