{"4":1.47087025642395,"1":1.56729006767273,"3":1.2922580242157,"2":0.991466760635376}
