train.size,percent.correct.labels,auc,percent.correct.intervals
2,72.5,0.997321428571429,37.5
4,80,0.952678571428572,50
6,80,0.966071428571429,50
8,77.5,0.970535714285714,43.75
10,80,0.991964285714286,50
12,80,0.991964285714286,50
14,77.5,0.99375,43.75
16,77.5,0.99375,43.75
18,80,0.997321428571429,50
20,80,0.997321428571429,50
24,80,0.997321428571429,50
