"","predict","y.lower","y.upper"
"H3K36me3_TDH_other/samples/kidney/McGill0023/problems/chr14:19050000-107289540",7.86496404051542,8.67194728485246,10.3531234073199
"H3K36me3_TDH_other/samples/kidneyCancer/McGill0022/problems/chr14:19050000-107289540",8.35385728670376,9.19240631461949,11.4391618628976
"H3K36me3_TDH_other/samples/skeletalMuscleCtrl/McGill0019/problems/chr14:19050000-107289540",8.07689962535409,12.0302922370628,13.8760680781886
"H3K36me3_TDH_other/samples/skeletalMuscleCtrl/McGill0036/problems/chr14:19050000-107289540",8.86646797190299,10.0484046589162,11.8596310713303
"H3K36me3_TDH_other/samples/skeletalMuscleCtrl/McGill0037/problems/chr14:19050000-107289540",8.660370224904,10.0915313323265,11.476381267461
"H3K36me3_TDH_other/samples/skeletalMuscleMD/McGill0012/problems/chr14:19050000-107289540",7.69708979238954,8.3947433761876,11.5988576902158
"H3K36me3_TDH_other/samples/skeletalMuscleMD/McGill0013/problems/chr14:19050000-107289540",8.5739473399137,10.6753818674961,12.4268467347112
"H3K36me3_TDH_other/samples/skeletalMuscleMD/McGill0016/problems/chr14:19050000-107289540",8.20686819251367,9.81384900716096,11.2810272975995
