{"3":2.94919896125793,"4":3.54100370407104,"1":3.43824744224548,"2":4.43640565872192}
