{"1_1":8.81600117683411,"1_2":6.64692687988281,"1_3":10.9637815952301,"1_4":11.2295110225677,"1_5":8.24794864654541}
