{"2_1":8.19775152206421,"2_2":10.7329404354095,"2_3":8.33671951293945,"2_4":12.4102318286896,"2_5":10.1335949897766}
