{"3_1":12.1826605796814,"3_2":14.537239074707,"3_3":7.35725331306458,"3_4":19.6597316265106,"3_5":11.3637175559998}
