{"4_1":24.2693636417389,"4_2":14.2197635173798,"4_3":11.8914074897766,"4_4":9.29045653343201,"4_5":12.321897983551}
