{"2":55.5089154243469,"4":45.0756540298462,"1":1.14319516420364,"3":1.1983802318573}
