{"2":4.2934045791626,"3":4.9642653465271,"1":3.61628341674805,"4":5.45250844955444}
