train.size,percent.correct.labels,auc,percent.correct.intervals
2,,,
4,89.0625,0.975591309130913,35
6,87.5,0.978439808266541,30
8,86.875,0.973666116611661,35
10,89.375,0.974707292157787,35
12,90,0.976593195033789,35
14,86.875,0.982958117240296,25
16,87.5,0.97284103410341,35
18,87.5,0.98282060348892,35
20,89.375,0.969776441929907,45
25,,,
30,,,
35,,,
40,,,
45,,,
50,,,
55,,,
60,,,
65,,,
70,,,
