train.size,percent.correct.labels,auc,percent.correct.intervals
2,,,
4,,,
6,,,
8,,,
10,,,
12,,,
14,92.8571428571429,0.921626984126984,75
16,92.8571428571429,0.921626984126984,75
18,92.8571428571429,0.924603174603175,75
20,87.5,0.920634920634921,75
25,85.7142857142857,0.918650793650794,37.5
30,55.3571428571429,0.921626984126984,0
32,50,0.926587301587302,0
