{"1_normal": 214.06612348556519, "1_logistic": 469.0447826385498, "1_extreme": 661.0733580589294, "2_normal": 218.85441756248474, "2_logistic": 476.4461398124695, "2_extreme": 669.0415139198303, "3_normal": 186.4663848876953, "3_logistic": 400.2444484233856, "3_extreme": 567.2869126796722, "4_normal": 239.23558163642883, "4_logistic": 505.1947069168091, "4_extreme": 699.8062429428101}