"","predict","y.lower","y.upper"
"H3K36me3_TDH_other/samples/kidney/McGill0023/problems/chr14:19050000-107289540",32891.46875,5836.85430824754,31354.8239215622
"H3K36me3_TDH_other/samples/kidneyCancer/McGill0022/problems/chr14:19050000-107289540",388564.5,9822.25800788405,92889.1255855901
"H3K36me3_TDH_other/samples/skeletalMuscleCtrl/McGill0019/problems/chr14:19050000-107289540",313309.0625,167760.431393214,1062428.70695035
"H3K36me3_TDH_other/samples/skeletalMuscleCtrl/McGill0036/problems/chr14:19050000-107289540",333904.03125,23118.8749186986,141440.02736282
"H3K36me3_TDH_other/samples/skeletalMuscleCtrl/McGill0037/problems/chr14:19050000-107289540",55582.140625,24137.7270284898,96411.5481451761
"H3K36me3_TDH_other/samples/skeletalMuscleMD/McGill0012/problems/chr14:19050000-107289540",47205.34375,4423.75152410568,108973.246945176
"H3K36me3_TDH_other/samples/skeletalMuscleMD/McGill0013/problems/chr14:19050000-107289540",74799.6484375,43277.2281768329,249408.335706591
"H3K36me3_TDH_other/samples/skeletalMuscleMD/McGill0016/problems/chr14:19050000-107289540",287853.125,18285.2317926883,79302.6875206811
