"","predict","y.lower","y.upper"
"H3K36me3_TDH_other/samples/kidney/McGill0023/problems/chr14:19050000-107289540",25183.2890625,5836.85430824754,31354.8239215622
"H3K36me3_TDH_other/samples/kidneyCancer/McGill0022/problems/chr14:19050000-107289540",551991.9375,9822.25800788405,92889.1255855901
"H3K36me3_TDH_other/samples/skeletalMuscleCtrl/McGill0019/problems/chr14:19050000-107289540",401149.75,167760.431393214,1062428.70695035
"H3K36me3_TDH_other/samples/skeletalMuscleCtrl/McGill0036/problems/chr14:19050000-107289540",739171.0625,23118.8749186986,141440.02736282
"H3K36me3_TDH_other/samples/skeletalMuscleCtrl/McGill0037/problems/chr14:19050000-107289540",35758.55078125,24137.7270284898,96411.5481451761
"H3K36me3_TDH_other/samples/skeletalMuscleMD/McGill0012/problems/chr14:19050000-107289540",21182.64453125,4423.75152410568,108973.246945176
"H3K36me3_TDH_other/samples/skeletalMuscleMD/McGill0013/problems/chr14:19050000-107289540",55911.01171875,43277.2281768329,249408.335706591
"H3K36me3_TDH_other/samples/skeletalMuscleMD/McGill0016/problems/chr14:19050000-107289540",1213634.875,18285.2317926883,79302.6875206811
