"","predict","y.lower","y.upper"
"H3K36me3_TDH_other/samples/kidney/McGill0023/problems/chr14:19050000-107289540",35192.484375,5836.85430824754,31354.8239215622
"H3K36me3_TDH_other/samples/kidneyCancer/McGill0022/problems/chr14:19050000-107289540",376079.15625,9822.25800788405,92889.1255855901
"H3K36me3_TDH_other/samples/skeletalMuscleCtrl/McGill0019/problems/chr14:19050000-107289540",359305.15625,167760.431393214,1062428.70695035
"H3K36me3_TDH_other/samples/skeletalMuscleCtrl/McGill0036/problems/chr14:19050000-107289540",375090.5625,23118.8749186986,141440.02736282
"H3K36me3_TDH_other/samples/skeletalMuscleCtrl/McGill0037/problems/chr14:19050000-107289540",48394.1484375,24137.7270284898,96411.5481451761
"H3K36me3_TDH_other/samples/skeletalMuscleMD/McGill0012/problems/chr14:19050000-107289540",44319.77734375,4423.75152410568,108973.246945176
"H3K36me3_TDH_other/samples/skeletalMuscleMD/McGill0013/problems/chr14:19050000-107289540",71348.734375,43277.2281768329,249408.335706591
"H3K36me3_TDH_other/samples/skeletalMuscleMD/McGill0016/problems/chr14:19050000-107289540",329131.34375,18285.2317926883,79302.6875206811
