"","predict","y.lower","y.upper"
"H3K36me3_TDH_other/samples/kidney/McGill0023/problems/chr15:29209443-77800000",5030.72412109375,11049.8791159094,29566.1284195188
"H3K36me3_TDH_other/samples/kidneyCancer/McGill0022/problems/chr15:29209443-77800000",82686.7734375,20319.3424130083,91990.8665007948
"H3K36me3_TDH_other/samples/skeletalMuscleCtrl/McGill0019/problems/chr15:29209443-77800000",32129.966796875,7932.18629229067,202668.283626339
"H3K36me3_TDH_other/samples/skeletalMuscleCtrl/McGill0036/problems/chr15:29209443-77800000",82686.7734375,10262.6368965507,343670.970337464
"H3K36me3_TDH_other/samples/skeletalMuscleCtrl/McGill0037/problems/chr15:29209443-77800000",1982.21081542969,10699.7017579078,254944.028987238
"H3K36me3_TDH_other/samples/skeletalMuscleMD/McGill0012/problems/chr15:29209443-77800000",4437.28759765625,6507.99836864324,111690.221734806
"H3K36me3_TDH_other/samples/skeletalMuscleMD/McGill0013/problems/chr15:29209443-77800000",10451.306640625,10500.9983262419,236926.63752815
"H3K36me3_TDH_other/samples/skeletalMuscleMD/McGill0016/problems/chr15:29209443-77800000",3848.50390625,16555.7204430699,210223.327887722
