"","predict","y.lower","y.upper"
"H3K36me3_TDH_other/samples/kidney/McGill0023/problems/chr15:29209443-77800000",12640.5107421875,11049.8791159094,29566.1284195188
"H3K36me3_TDH_other/samples/kidneyCancer/McGill0022/problems/chr15:29209443-77800000",101187.328125,20319.3424130083,91990.8665007948
"H3K36me3_TDH_other/samples/skeletalMuscleCtrl/McGill0019/problems/chr15:29209443-77800000",31018.009765625,7932.18629229067,202668.283626339
"H3K36me3_TDH_other/samples/skeletalMuscleCtrl/McGill0036/problems/chr15:29209443-77800000",125498.296875,10262.6368965507,343670.970337464
"H3K36me3_TDH_other/samples/skeletalMuscleCtrl/McGill0037/problems/chr15:29209443-77800000",7369.9951171875,10699.7017579078,254944.028987238
"H3K36me3_TDH_other/samples/skeletalMuscleMD/McGill0012/problems/chr15:29209443-77800000",10924.3544921875,6507.99836864324,111690.221734806
"H3K36me3_TDH_other/samples/skeletalMuscleMD/McGill0013/problems/chr15:29209443-77800000",15885.3857421875,10500.9983262419,236926.63752815
"H3K36me3_TDH_other/samples/skeletalMuscleMD/McGill0016/problems/chr15:29209443-77800000",11401.5986328125,16555.7204430699,210223.327887722
