"","predict","y.lower","y.upper"
"H3K36me3_TDH_other/samples/kidney/McGill0023/problems/chr15:29209443-77800000",6120.8232421875,11049.8791159094,29566.1284195188
"H3K36me3_TDH_other/samples/kidneyCancer/McGill0022/problems/chr15:29209443-77800000",81360.28125,20319.3424130083,91990.8665007948
"H3K36me3_TDH_other/samples/skeletalMuscleCtrl/McGill0019/problems/chr15:29209443-77800000",43834.1953125,7932.18629229067,202668.283626339
"H3K36me3_TDH_other/samples/skeletalMuscleCtrl/McGill0036/problems/chr15:29209443-77800000",92529.578125,10262.6368965507,343670.970337464
"H3K36me3_TDH_other/samples/skeletalMuscleCtrl/McGill0037/problems/chr15:29209443-77800000",1460.78796386719,10699.7017579078,254944.028987238
"H3K36me3_TDH_other/samples/skeletalMuscleMD/McGill0012/problems/chr15:29209443-77800000",10233.650390625,6507.99836864324,111690.221734806
"H3K36me3_TDH_other/samples/skeletalMuscleMD/McGill0013/problems/chr15:29209443-77800000",4737.47119140625,10500.9983262419,236926.63752815
"H3K36me3_TDH_other/samples/skeletalMuscleMD/McGill0016/problems/chr15:29209443-77800000",2156.76635742188,16555.7204430699,210223.327887722
