"","predict","y.lower","y.upper"
"H3K36me3_TDH_other/samples/kidney/McGill0023/problems/chr21:43005559-44632664",112902.859375,6046.55005741494,62245.9256967657
"H3K36me3_TDH_other/samples/kidneyCancer/McGill0022/problems/chr21:43005559-44632664",558317.5625,6627.29703981805,150322.573537687
"H3K36me3_TDH_other/samples/skeletalMuscleCtrl/McGill0019/problems/chr21:43005559-44632664",217765.046875,3453.22960737642,62371.3407702408
"H3K36me3_TDH_other/samples/skeletalMuscleCtrl/McGill0036/problems/chr21:43005559-44632664",1548173.375,8442.95714589674,140430.418705866
"H3K36me3_TDH_other/samples/skeletalMuscleCtrl/McGill0037/problems/chr21:43005559-44632664",175700.171875,5427.46839768628,93018.9367222338
"H3K36me3_TDH_other/samples/skeletalMuscleMD/McGill0012/problems/chr21:43005559-44632664",217765.046875,2996.19752665032,41367.9543856803
"H3K36me3_TDH_other/samples/skeletalMuscleMD/McGill0013/problems/chr21:43005559-44632664",1559166976,4136.52357135122,99580.9895930995
"H3K36me3_TDH_other/samples/skeletalMuscleMD/McGill0016/problems/chr21:43005559-44632664",57737.99609375,5499.28534922502,81322.6252536008
