{"eta": 0.901, "max_depth": 2.0, "min_child_weight": 40.1, "reg_alpha": 0.7426101935862435, "reg_lambda": 0.8614156416546492}