{"eta": 0.021544346900318832, "max_depth": 2, "min_child_weight": 0.1, "reg_alpha": 0.005, "reg_lambda": 0.5, "sigma": 1, "distribution": "logistic", "num_round": 195, "min_val_error": 3.5248460000000006}