{"eta": 0.7010000000000001, "max_depth": 2.0, "min_child_weight": 0.1, "reg_alpha": 0.0016624067006542384, "reg_lambda": 30.730264566261834}