{"1_normal":264.172080437342,"1_logistic":264.172080437342,"1_extreme":264.172080437342,"2_normal":272.400588750839,"2_logistic":272.400588750839,"2_extreme":272.400588750839,"3_normal":306.197286446889,"3_logistic":306.197286446889,"3_extreme":306.197286446889,"4_normal":272.155483404795,"4_logistic":272.155483404795,"4_extreme":272.155483404795}
