{"1_normal": 13.067541122436523, "1_logistic": 31.668574810028076, "1_extreme": 45.78239727020264, "2_normal": 13.963907480239868, "2_logistic": 34.71647524833679, "2_extreme": 50.017051219940186, "3_normal": 14.057267189025879, "3_logistic": 35.26824331283569, "3_extreme": 50.71136474609375, "4_normal": 13.83120083808899, "4_logistic": 35.29883599281311, "4_extreme": 50.57355737686157}