{"1_normal": 0.580519437789917, "1_logistic": 1.1714248657226562, "1_extreme": 1.7991690635681152, "2_normal": 0.7078802585601807, "2_logistic": 1.3244655132293701, "2_extreme": 2.06783390045166, "3_normal": 0.6785156726837158, "3_logistic": 1.2953267097473145, "3_extreme": 2.099419593811035, "4_normal": 0.741041898727417, "4_logistic": 1.347620964050293, "4_extreme": 2.101287603378296}