{"1":768.019543886185,"2":811.240410089493,"3":813.821561574936,"4":776.734745740891}
