{"1":792.516241312027,"2":817.201766252518,"3":918.591859340668,"4":816.466450214386}
