{"1": 7.378638982772827, "2": 8.403055191040039, "3": 8.409844875335693, "4": 7.448330402374268}