{"1": 7.602736711502075, "2": 7.995349168777466, "3": 9.112969636917114, "4": 8.040355205535889}