{"1_normal":256.006514628728,"1_logistic":256.006514628728,"1_extreme":256.006514628728,"2_normal":270.413470029831,"2_logistic":270.413470029831,"2_extreme":270.413470029831,"3_normal":271.273853858312,"3_logistic":271.273853858312,"3_extreme":271.273853858312,"4_normal":258.91158191363,"4_logistic":258.91158191363,"4_extreme":258.91158191363}
