{"1_normal": 105.99402976036072, "1_logistic": 242.1765751838684, "1_extreme": 357.26603174209595, "2_normal": 113.48997640609741, "2_logistic": 274.57239270210266, "2_extreme": 399.5213439464569, "3_normal": 113.52239751815796, "3_logistic": 275.84807109832764, "3_extreme": 400.6163260936737, "4_normal": 118.48831605911255, "4_logistic": 282.1709370613098, "4_extreme": 406.74448823928833}