{"1": 760.6409049034119, "2": 802.8373548984528, "3": 805.4117166996002, "4": 769.2864153385162}