{"3":0.210526315789474,"2":0.263157894736842,"1":0.131578947368421,"4":0.421052631578947}
