{"3":0.499437570571899,"2":0.494189500808716,"1":0.522664308547974,"4":0.493650436401367}
