train.size,percent.correct.labels,auc,percent.correct.intervals
2,,,
4,98.2142857142857,0.928075396825397,87.5
6,,,
8,,,
10,,,
12,,,
14,,,
16,,,
18,,,
20,,,
25,,,
30,94.6428571428571,0.916666666666667,87.5
32,98.2142857142857,0.922123015873016,87.5
