{"1":0.866666666666667,"2":0.595238095238095,"3":0.980952380952381,"4":0.888888888888889}
