{"1_normal": 651.233809709549, "1_logistic": 1283.2147340774536, "1_extreme": 1982.319840669632, "2_normal": 636.8053679466248, "2_logistic": 1222.930507183075, "2_extreme": 1886.5869843959808, "3_normal": 631.2675564289093, "3_logistic": 1223.6888704299927, "3_extreme": 1882.009486913681, "4_normal": 598.2388906478882, "4_logistic": 1127.3544926643372, "4_extreme": 1692.9316680431366}