train.size,percent.correct.labels,auc,percent.correct.intervals
2,,,
4,,,
6,,,
8,,,
10,,,
12,,,
14,,,
16,,,
18,,,
20,,,
25,,,
30,,,
35,,,
40,,,
45,,,
50,,,
55,,,
60,,,
65,,,
70,,,
75,,,
80,40.7142857142857,0.792410714285714,15
85,80.7142857142857,0.789017857142857,45
90,83.5714285714286,0.788928571428571,60
95,80.7142857142857,0.789732142857143,45
100,82.8571428571429,0.789285714285714,55
