{"1":0.421052631578947,"2":0.421052631578947,"3":0.184210526315789,"4":0.526315789473684}
