{"1":0.421052631578947,"2":0.526315789473684,"3":0.236842105263158,"4":0.263157894736842}
