{"1_normal": 316.1952874660492, "1_logistic": 786.8596479892731, "1_extreme": 1128.7322869300842, "2_normal": 323.2520704269409, "2_logistic": 837.3722829818726, "2_extreme": 1122.5879657268524, "3_normal": 263.1651532649994, "3_logistic": 630.9241621494293, "3_extreme": 920.1704225540161, "4_normal": 359.4571440219879, "4_logistic": 4128.128532648087, "4_extreme": 7281.185190916061}