{"4":0.596153846153846,"1":0.384615384615385,"3":0.865384615384615,"2":0.961538461538462}
