{"4":4.45075964927673,"1":1.58257222175598,"3":1.3875527381897,"2":0.809085130691528}
