{"4":0.75251509054326,"1":0.510489510489511,"3":0.868347338935574,"2":0.909000989119684}
