{"4":12.1554753780365,"1":14.4070193767548,"3":13.2583374977112,"2":14.3656229972839}
