{"4":0.692307692307692,"1":0.346153846153846,"3":0.903846153846154,"2":1}
