{"4":3.1510272026062,"1":3.51911520957947,"3":4.1768856048584,"2":4.40211987495422}
