train.size,percent.correct.labels,auc,percent.correct.intervals
2,,,
4,94.375,0.993458049886621,55
6,94.375,0.991281179138322,55
8,95.9375,0.996383219954648,55
10,95.625,0.997743764172336,45
12,94.375,0.997857142857143,45
14,94.6875,0.996836734693878,50
16,94.6875,0.9968820861678,50
18,93.4375,0.997403628117914,45
20,94.6875,0.995136054421769,55
25,93.75,0.998083900226757,50
30,,,
35,,,
40,,,
45,,,
50,,,
55,,,
60,,,
65,,,
70,,,
