train.size,percent.correct.labels,auc,percent.correct.intervals
2,,,
4,,,
6,,,
8,,,
10,,,
12,,,
14,,,
16,,,
18,,,
20,,,
25,93.3333333333333,0.937037037037037,93.3333333333333
30,100,1,100
35,98.3333333333333,1,93.3333333333333
40,93.3333333333333,0.958796296296296,93.3333333333333
45,93.3333333333333,0.997222222222222,80
50,100,1,100
55,100,1,100
60,95,1,86.6666666666667
