train.size,percent.correct.labels,auc,N.test,percent.correct.intervals
2,93.859649122807,0.973695877050392,570,93.859649122807
4,93.859649122807,0.973695877050392,570,93.859649122807
6,90.1754385964912,0.973695877050392,570,90.1754385964912
8,90.1754385964912,0.973695877050392,570,90.1754385964912
10,90.1754385964912,0.973695877050392,570,90.1754385964912
12,90.1754385964912,0.973695877050392,570,90.1754385964912
14,90.1754385964912,0.973695877050392,570,90.1754385964912
16,90.1754385964912,0.973695877050392,570,90.1754385964912
18,90.1754385964912,0.973695877050392,570,90.1754385964912
20,90,0.973695877050392,570,90
25,90,0.973695877050392,570,90
30,90,0.973695877050392,570,90
35,90,0.973695877050392,570,90
40,90,0.973695877050392,570,90
45,90.5263157894737,0.973695877050392,570,90.5263157894737
50,90.8771929824561,0.973695877050392,570,90.8771929824561
55,90.8771929824561,0.973695877050392,570,90.8771929824561
60,90.8771929824561,0.973695877050392,570,90.8771929824561
