train.size,percent.correct.labels,auc,percent.correct.intervals
2,,,
4,,,
6,,,
8,,,
10,,,
12,,,
14,,,
16,,,
18,,,
20,,,
25,,,
30,,,
35,,,
40,,,
45,,,
50,,,
55,,,
60,,,
65,,,
70,,,
75,,,
80,,,
85,,,
90,,,
95,,,
100,,,
200,72.3646723646724,0.790352080475537,48.1481481481482
216,72.0797720797721,0.790058135737148,46.2962962962963
