{"2":0.773809523809524,"1":0.838095238095238,"3":0.876190476190476,"4":0.865079365079365}
