{"2":0.744275093078613,"1":0.701196193695068,"3":0.698963403701782,"4":0.893420696258545}
