{"1":0.631578947368421,"2":0.473684210526316,"3":0.184210526315789,"4":0.157894736842105}
