{"1":0.631578947368421,"2":0.473684210526316,"3":0.210526315789474,"4":0.263157894736842}
