{"1":0.368421052631579,"2":0.605263157894737,"3":0.184210526315789,"4":0.210526315789474}
