{"1":0.526315789473684,"2":0.447368421052632,"3":0.157894736842105,"4":0.263157894736842}
