{"1":0.526315789473684,"2":0.447368421052632,"3":0.184210526315789,"4":0.263157894736842}
