{"1":0.5,"2":0.486842105263158,"3":0.210526315789474,"4":0.210526315789474}
