{"1":0.368421052631579,"2":0.447368421052632,"3":0.236842105263158,"4":0.315789473684211}
