{"1":0.526315789473684,"2":0.407894736842105,"3":0.184210526315789,"4":0.210526315789474}
