{"1":0.368421052631579,"2":0.407894736842105,"3":0.236842105263158,"4":0.421052631578947}
