{"1":0.473684210526316,"2":0.434210526315789,"3":0.157894736842105,"4":0.263157894736842}
