{"1":0.447368421052632,"2":0.407894736842105,"3":0.131578947368421,"4":0.526315789473684}
