{"1":0.631578947368421,"2":0.486842105263158,"3":0.157894736842105,"4":0.210526315789474}
