{"1":0.5,"2":0.394736842105263,"3":0.131578947368421,"4":0.421052631578947}
