{"1":0.5,"2":0.460526315789474,"3":0.157894736842105,"4":0.263157894736842}
