{"1":0.605263157894737,"2":0.434210526315789,"3":0.157894736842105,"4":0.157894736842105}
