{"1":0.526315789473684,"2":0.381578947368421,"3":0.210526315789474,"4":0.210526315789474}
