{"1":0.5,"2":0.421052631578947,"3":0.157894736842105,"4":0.263157894736842}
