{"eta": 0.6010000000000001, "max_depth": 2.0, "min_child_weight": 0.1, "reg_alpha": 0.00015544162564118857, "reg_lambda": 1.9196262982090275, "sigma": 1, "distribution": "logistic", "num_round": 23, "min_val_error": 5.529425}