{"eta": 0.6010000000000001, "max_depth": 2.0, "min_child_weight": 0.1, "reg_alpha": 0.0002736791262486583, "reg_lambda": 8.27708209741049, "sigma": 1, "distribution": "logistic", "num_round": 14, "min_val_error": 4.963337999999999}