{"eta": 0.7010000000000001, "max_depth": 2.0, "min_child_weight": 0.1, "reg_alpha": 0.005055418825134959, "reg_lambda": 19.318841648296782, "sigma": 1, "distribution": "logistic", "num_round": 114, "min_val_error": 4.1990110000000005}