{"eta": 0.501, "max_depth": 2.0, "min_child_weight": 0.1, "reg_alpha": 0.0009074939476017786, "reg_lambda": 0.00010967749762141008}