{"eta": 0.501, "max_depth": 2.0, "min_child_weight": 0.1, "reg_alpha": 0.0009074939476017786, "reg_lambda": 0.00010967749762141008, "sigma": 10, "distribution": "extreme", "num_round": 8, "min_val_error": 7.298820999999999}