{"1_normal": 1.7230474948883057, "1_logistic": 3.0447981357574463, "1_extreme": 4.820581912994385, "2_normal": 1.7728159427642822, "2_logistic": 3.1489129066467285, "2_extreme": 4.96742582321167, "3_normal": 1.4303770065307617, "3_logistic": 2.5672097206115723, "3_extreme": 4.109676122665405, "4_normal": 1.9578933715820312, "4_logistic": 3.500387668609619, "4_extreme": 5.537221908569336}