{"4_normal":365.56343181928,"4_logistic":365.56343181928,"4_extreme":365.56343181928,"1_normal":373.187603553136,"1_logistic":373.187603553136,"1_extreme":373.187603553136,"2_normal":375.435889959335,"2_logistic":375.435889959335,"2_extreme":375.435889959335,"3_normal":378.58988459905,"3_logistic":378.58988459905,"3_extreme":378.58988459905}
