{"1_normal": 254.58079981803894, "1_logistic": 624.5793001651764, "1_extreme": 893.4076356887817, "2_normal": 261.11599349975586, "2_logistic": 647.3743281364441, "2_extreme": 925.4676170349121, "3_normal": 210.46965312957764, "3_logistic": 521.099241733551, "3_extreme": 752.0373635292053, "4_normal": 291.7538390159607, "4_logistic": 701.700572013855, "4_extreme": 1013.3118243217468}