{"4": 1086.5184268951416, "1": 1106.5184268951416, "2": 1116.5184268951416, "3": 1126.5184268951416}