{"1": 1111.6877779960632, "2": 1121.300050497055, "3": 1086.424063205719, "4": 1245.8411626815796}