{"1_normal": 32.22434210777283, "1_logistic": 85.28566861152649, "1_extreme": 119.39563345909119, "2_normal": 33.989091873168945, "2_logistic": 90.01315522193909, "2_extreme": 125.33360362052917, "3_normal": 26.205417156219482, "3_logistic": 66.8362832069397, "3_extreme": 95.66159987449646, "4_normal": 36.56578612327576, "4_logistic": 91.10315656661987, "4_extreme": 130.95005440711975}