{"1_normal":373.650028944016,"1_logistic":373.650028944016,"1_extreme":373.650028944016,"2_normal":376.828671852748,"2_logistic":376.828671852748,"2_extreme":376.828671852748,"3_normal":365.267886638641,"3_logistic":365.267886638641,"3_extreme":365.267886638641,"4_normal":418.924455801646,"4_logistic":418.924455801646,"4_extreme":418.924455801646}
