{"4":1096.69029545784,"1":1119.56281065941,"2":1126.30766987801,"3":1135.76965379715}
