{"1":1120.95008683205,"2":1130.48601555824,"3":1095.80365991592,"4":1256.77336740494}
