{"1": 13.044383764266968, "2": 9.78924298286438, "3": 9.251226902008057, "4": 10.171868562698364}