{"1": 9.262308835983276, "2": 9.185965061187744, "3": 9.379596710205078, "4": 10.932204723358154}