train.size,percent.correct.labels,auc,percent.correct.intervals
2,,,
4,,,
6,,,
8,,,
10,,,
12,,,
14,92.8571428571429,0.917162698412698,75
16,94.6428571428571,0.917162698412698,87.5
18,94.6428571428571,0.918650793650794,87.5
20,94.6428571428571,0.923611111111111,87.5
25,94.6428571428571,0.921130952380952,87.5
30,98.2142857142857,0.922123015873016,87.5
32,98.2142857142857,0.922123015873016,87.5
