{"eta": 0.30100000000000005, "max_depth": 4.0, "min_child_weight": 40.1, "reg_alpha": 35.23228746388211, "reg_lambda": 0.011716605634714489, "sigma": 39.0, "distribution": "normal"}