{"eta": 0.6010000000000001, "max_depth": 8.0, "min_child_weight": 90.1, "reg_alpha": 0.15326904894288587, "reg_lambda": 22.597537126995345, "sigma": 39.0, "distribution": "extreme"}