{"4":4.45910263061523,"1":1.59652352333069,"3":1.40199398994446,"2":0.824455499649048}
