train.size,percent.correct.labels,auc,percent.correct.intervals
2,,,
4,80,0.998214285714286,50
6,80,0.998214285714286,50
8,82.5,0.996428571428572,56.25
10,80,0.997321428571429,50
12,77.5,0.997321428571429,43.75
14,77.5,0.998214285714286,43.75
16,77.5,0.998214285714286,43.75
18,77.5,0.996428571428572,43.75
20,77.5,0.995535714285714,43.75
24,77.5,0.996428571428572,43.75
