train.size,percent.correct.labels,auc,percent.correct.intervals
2,81.25,0.946056547619048,62.5
4,43.75,0.937127976190476,0
6,43.75,0.944568452380952,0
8,58.3333333333333,0.928943452380952,0
10,50,0.922247023809524,0
12,50,0.922247023809524,0
14,41.6666666666667,0.918526785714286,0
16,52.0833333333333,0.920758928571429,0
18,50,0.920758928571429,0
20,45.8333333333333,0.920758928571429,0
25,50,0.922247023809524,0
30,45.8333333333333,0.922247023809524,0
32,45.8333333333333,0.922247023809524,0
