{"2":0.821428571428571,"1":0.828571428571429,"3":0.666666666666667,"4":0.888888888888889}
