{"2":2.8869514465332,"1":2.59908771514893,"3":2.1429135799408,"4":2.43950533866882}
