{"eta": 0.501, "max_depth": 2.0, "min_child_weight": 10.1, "reg_alpha": 0.0007365616343363529, "reg_lambda": 0.006008420772700877, "sigma": 1.0, "distribution": "normal", "num_round": 0}