{"eta": 0.001, "max_depth": 2.0, "min_child_weight": 70.1, "reg_alpha": 0.01730709280898488, "reg_lambda": 0.9611466118791246, "sigma": 1.0, "distribution": "normal"}