train.size,percent.correct.labels,auc,N.test,percent.correct.intervals
2,82.2916666666667,0.964686998394864,96,82.2916666666667
4,82.2916666666667,0.964686998394864,96,82.2916666666667
6,82.2916666666667,0.964686998394864,96,82.2916666666667
8,82.2916666666667,0.964686998394864,96,82.2916666666667
10,82.2916666666667,0.964686998394864,96,82.2916666666667
12,82.2916666666667,0.964686998394864,96,82.2916666666667
14,82.2916666666667,0.964686998394864,96,82.2916666666667
16,82.2916666666667,0.964686998394864,96,82.2916666666667
18,82.2916666666667,0.964686998394864,96,82.2916666666667
20,82.2916666666667,0.964686998394864,96,82.2916666666667
25,82.2916666666667,0.964686998394864,96,82.2916666666667
30,82.2916666666667,0.964686998394864,96,82.2916666666667
35,82.2916666666667,0.964686998394864,96,82.2916666666667
40,82.2916666666667,0.964686998394864,96,82.2916666666667
45,82.2916666666667,0.964686998394864,96,82.2916666666667
50,82.2916666666667,0.964686998394864,96,82.2916666666667
55,82.2916666666667,0.964686998394864,96,82.2916666666667
60,82.2916666666667,0.964686998394864,96,82.2916666666667
65,82.2916666666667,0.964686998394864,96,82.2916666666667
70,82.2916666666667,0.964686998394864,96,82.2916666666667
75,82.2916666666667,0.964686998394864,96,82.2916666666667
80,82.2916666666667,0.964686998394864,96,82.2916666666667
85,82.2916666666667,0.964686998394864,96,82.2916666666667
90,82.2916666666667,0.964686998394864,96,82.2916666666667
95,82.2916666666667,0.964686998394864,96,82.2916666666667
100,82.2916666666667,0.964686998394864,96,82.2916666666667
200,82.2916666666667,0.964686998394864,96,82.2916666666667
300,82.2916666666667,0.964686998394864,96,82.2916666666667
400,82.2916666666667,0.964686998394864,96,82.2916666666667
500,82.2916666666667,0.964686998394864,96,82.2916666666667
600,82.2916666666667,0.964686998394864,96,82.2916666666667
700,82.2916666666667,0.964686998394864,96,82.2916666666667
800,82.2916666666667,0.964686998394864,96,82.2916666666667
900,82.2916666666667,0.964686998394864,96,82.2916666666667
1000,82.2916666666667,0.964686998394864,96,82.2916666666667
3322,82.2916666666667,0.964686998394864,96,82.2916666666667
