train.size,percent.correct.labels,auc,percent.correct.intervals
2,77.5,0.998214285714286,43.75
4,87.5,0.998214285714286,68.75
6,97.5,0.998214285714286,93.75
8,90,0.998214285714286,75
10,87.5,0.998214285714286,68.75
12,87.5,0.998214285714286,68.75
14,87.5,0.998214285714286,68.75
16,87.5,0.998214285714286,68.75
18,87.5,0.998214285714286,68.75
20,87.5,0.998214285714286,68.75
24,87.5,0.998214285714286,68.75
