{"2":0.210526315789474,"3":0.631578947368421,"1":0.407894736842105,"4":0.526315789473684}
