train.size,percent.correct.labels,auc,percent.correct.intervals
2,85,0.998214285714286,62.5
4,92.5,0.998214285714286,81.25
6,92.5,0.998214285714286,81.25
8,92.5,0.998214285714286,81.25
10,97.5,0.998214285714286,93.75
12,97.5,0.998214285714286,93.75
14,90,0.998214285714286,75
16,90,0.998214285714286,75
18,87.5,0.998214285714286,68.75
20,87.5,0.998214285714286,68.75
24,87.5,0.998214285714286,68.75
