{"3":0.166666666666667,"1":0.666666666666667,"2":0.428571428571429,"4":0.416666666666667}
