train.size,percent.correct.labels,auc,percent.correct.intervals
2,92.5,0.998214285714286,81.25
4,87.5,0.998214285714286,68.75
6,87.5,0.998214285714286,68.75
8,87.5,0.998214285714286,68.75
10,87.5,0.998214285714286,68.75
12,87.5,0.998214285714286,68.75
14,87.5,0.998214285714286,68.75
16,87.5,0.998214285714286,68.75
18,87.5,0.998214285714286,68.75
20,87.5,0.998214285714286,68.75
24,87.5,0.998214285714286,68.75
