{"1":0.5,"2":0.157894736842105,"3":0.0526315789473684,"4":0.315789473684211}
