{"1":0.421052631578947,"2":0.210526315789474,"3":0.210526315789474,"4":0.210526315789474}
