{"1":0.315789473684211,"2":0.0526315789473684,"3":0.263157894736842,"4":0.315789473684211}
