{"1":0.342105263157895,"2":0.263157894736842,"3":0.157894736842105,"4":0.263157894736842}
