{"1":0.5,"2":0.105263157894737,"3":0.0526315789473684,"4":0.315789473684211}
