{"1":0.315789473684211,"2":0.263157894736842,"3":0.0526315789473684,"4":0.157894736842105}
