{"1":0,"2":0.631578947368421,"3":0.157894736842105,"4":0.421052631578947}
