{"1":0.447368421052632,"2":0.157894736842105,"3":0.105263157894737,"4":0.263157894736842}
