{"1":0.421052631578947,"2":0.315789473684211,"3":0.210526315789474,"4":0.263157894736842}
