{"1":0.368421052631579,"2":0.263157894736842,"3":0.0526315789473684,"4":0.157894736842105}
