{"1":0.368421052631579,"2":0.315789473684211,"3":0.263157894736842,"4":0.368421052631579}
