{"1":0.0263157894736842,"2":0.789473684210526,"3":0.157894736842105,"4":0.315789473684211}
