{"1":0.157894736842105,"2":0.842105263157895,"3":0.210526315789474,"4":0.263157894736842}
