{"eta": 0.801, "max_depth": 8.0, "min_child_weight": 0.1, "reg_alpha": 3.3341906420605425, "reg_lambda": 1.6951842201331986, "sigma": 1.0, "distribution": "logistic"}