{"eta": 0.30100000000000005, "max_depth": 2.0, "min_child_weight": 0.1, "reg_alpha": 0.00682647300599897, "reg_lambda": 0.5624806507025573, "sigma": 1, "distribution": "logistic", "num_round": 28, "min_val_error": 7.332597}