{"eta": 0.501, "max_depth": 6.0, "min_child_weight": 0.1, "reg_alpha": 0.0007384393585137443, "reg_lambda": 7.263038334389797, "sigma": 1, "distribution": "normal", "num_round": 215, "min_val_error": 12.33526}