{"eta": 1.001, "max_depth": 2.0, "min_child_weight": 0.1, "reg_alpha": 0.0001715900674772403, "reg_lambda": 17.79307270874636}