{"eta": 0.30100000000000005, "max_depth": 2.0, "min_child_weight": 50.1, "reg_alpha": 0.012572721977121446, "reg_lambda": 0.00391305785818744, "sigma": 1.0, "distribution": "normal"}