{"eta": 1.001, "max_depth": 6.0, "min_child_weight": 10.1, "reg_alpha": 0.00010016886987644566, "reg_lambda": 0.1992786479279755, "sigma": 1, "distribution": "normal", "num_round": 11, "min_val_error": 8.906182000000001}