{"eta": 0.901, "max_depth": 2.0, "min_child_weight": 30.1, "reg_alpha": 0.0018144485946196241, "reg_lambda": 13.775666916098642, "sigma": 1.0, "distribution": "logistic"}