{"eta": 0.401, "max_depth": 2.0, "min_child_weight": 0.1, "reg_alpha": 0.4331378953274902, "reg_lambda": 5.878617523568726, "sigma": 1.0, "distribution": "logistic", "num_round": 51}