{"eta": 0.6010000000000001, "max_depth": 2.0, "min_child_weight": 0.1, "reg_alpha": 0.027114911805575792, "reg_lambda": 0.6253928913618335}