{"1": 8.940910577774048, "2": 8.693414688110352, "3": 12.756102323532104, "4": 10.094795942306519}