{"1_normal": 1.4856982231140137, "1_logistic": 3.0097312927246094, "1_extreme": 4.199323654174805, "2_normal": 1.4932324886322021, "2_logistic": 3.0131404399871826, "2_extreme": 4.20766806602478, "3_normal": 1.310603380203247, "3_logistic": 2.6439907550811768, "3_extreme": 3.656217098236084, "4_normal": 1.502180576324463, "4_logistic": 3.0340654850006104, "4_extreme": 4.281347036361694}