{"1": 9.881688356399536, "2": 11.003611326217651, "3": 8.957348823547363, "4": 10.267355680465698}