{"1":912.409065485001,"2":950.031338691711,"3":837.119478702545,"4":928.449187994003}
