{"1": 902.5273771286011, "2": 939.0277273654938, "3": 828.1621298789978, "4": 918.1818323135376}