{"1_normal": 29.22996425628662, "1_logistic": 62.53241205215454, "1_extreme": 86.10110020637512, "2_normal": 29.472426176071167, "2_logistic": 67.56138300895691, "2_extreme": 91.53888416290283, "3_normal": 25.296197175979614, "3_logistic": 55.401287317276, "3_extreme": 76.38512468338013, "4_normal": 37.43135094642639, "4_logistic": 75.5992705821991, "4_extreme": 100.35441970825195}