{"1_normal":361.769234498342,"1_logistic":361.769234498342,"1_extreme":361.769234498342,"2_normal":369.106774965922,"2_logistic":369.106774965922,"2_extreme":369.106774965922,"3_normal":352.690053304036,"3_logistic":352.690053304036,"3_extreme":352.690053304036,"4_normal":359.488120396932,"4_logistic":359.488120396932,"4_extreme":359.488120396932}
