{"1": 1076.3667929172516, "2": 1098.6269102096558, "3": 1045.3140575885773, "4": 1068.3695652484894}