{"1":1085.30770349503,"2":1107.32032489777,"3":1058.07015991211,"4":1078.4643611908}
