{"1_normal":304.136355161667,"1_logistic":304.136355161667,"1_extreme":304.136355161667,"2_normal":316.677112897237,"2_logistic":316.677112897237,"2_extreme":316.677112897237,"3_normal":279.039826234182,"3_logistic":279.039826234182,"3_extreme":279.039826234182,"4_normal":309.483062664668,"4_logistic":309.483062664668,"4_extreme":309.483062664668}
