{"2":0.80952380952381,"4":0.904761904761905,"1":0.714285714285714,"3":0.523809523809524}
