train.size,percent.correct.labels,auc,percent.correct.intervals
2,97.2789115646258,0.999710522506875,80.952380952381
4,91.8367346938775,1,57.1428571428571
6,100,1,100
8,100,1,100
10,100,1,100
12,100,1,100
14,100,1,100
16,100,1,100
18,100,1,100
20,100,1,100
25,100,1,100
30,100,1,100
35,100,1,100
40,100,1,100
45,100,1,100
50,100,1,100
55,100,1,100
60,100,1,100
63,100,1,100
