{"eta": 1.001, "max_depth": 2.0, "min_child_weight": 20.1, "reg_alpha": 5.6791646472757, "reg_lambda": 8.293764381230046}