{"2":3.60277700424194,"4":3.486732006073,"1":4.01886320114136,"3":3.42043042182922}
