{"1":0.428571428571429,"2":0.25,"3":0.5,"4":0.416666666666667}
