train.size,percent.correct.labels,auc,percent.correct.intervals
2,70,0.998214285714286,25
4,80,0.998214285714286,50
6,80,0.998214285714286,50
8,90,0.998214285714286,75
10,87.5,0.998214285714286,68.75
12,80,0.998214285714286,50
14,80,0.998214285714286,50
16,80,0.998214285714286,50
18,87.5,0.998214285714286,68.75
20,87.5,0.998214285714286,68.75
24,87.5,0.998214285714286,68.75
