"","predict","y.lower","y.upper"
"H3K36me3_TDH_other/samples/kidney/McGill0023/problems/chr14:19050000-107289540",54036.4291598616,5836.85430824754,31354.8239215622
"H3K36me3_TDH_other/samples/kidneyCancer/McGill0022/problems/chr14:19050000-107289540",52292.6715851606,9822.25800788405,92889.1255855901
"H3K36me3_TDH_other/samples/skeletalMuscleCtrl/McGill0019/problems/chr14:19050000-107289540",46806.1238994669,167760.431393214,1062428.70695035
"H3K36me3_TDH_other/samples/skeletalMuscleCtrl/McGill0036/problems/chr14:19050000-107289540",65645.6196969027,23118.8749186986,141440.02736282
"H3K36me3_TDH_other/samples/skeletalMuscleCtrl/McGill0037/problems/chr14:19050000-107289540",54563.4435114627,24137.7270284898,96411.5481451761
"H3K36me3_TDH_other/samples/skeletalMuscleMD/McGill0012/problems/chr14:19050000-107289540",34307.6372989942,4423.75152410568,108973.246945176
"H3K36me3_TDH_other/samples/skeletalMuscleMD/McGill0013/problems/chr14:19050000-107289540",55892.944130614,43277.2281768329,249408.335706591
"H3K36me3_TDH_other/samples/skeletalMuscleMD/McGill0016/problems/chr14:19050000-107289540",62720.8592315448,18285.2317926883,79302.6875206811
