{"3":3.93996453285217,"4":11.1123011112213,"1":10.544075012207,"2":10.1762149333954}
