{"2":0.653846153846154,"4":0.588709677419355,"1":0.436781609195402,"3":0.42741935483871}
