{"2":0.736569404602051,"4":0.765566825866699,"1":0.770666599273682,"3":0.741052627563477}
