train.size,percent.correct.labels,auc,percent.correct.intervals
2,60,0.998214285714286,12.5
4,90,0.991964285714286,75
6,77.5,0.95,43.75
8,87.5,0.99375,68.75
10,85,0.991071428571429,68.75
12,85,0.994642857142857,68.75
14,82.5,0.994642857142857,62.5
16,80,0.997321428571429,50
18,80,0.997321428571429,50
20,80,0.997321428571429,50
24,80,0.997321428571429,50
