"","predict","y.lower","y.upper"
"H3K27me3_TDH_some/samples/brain/CEMT0022.gDNA/problems/chr10:18024675-38818835",964062.6875,37480.7973026589,39000.6203643743
"H3K27me3_TDH_some/samples/brain/CEMT0023.gDNA/problems/chr10:18024675-38818835",15915.349609375,22955.1262443395,25723.1852900895
"H3K27me3_TDH_some/samples/hematopoietic/CEMT0031.gDNA/problems/chr10:18024675-38818835",278240.09375,147695.421716758,217319.850270644
"H3K27me3_TDH_some/samples/hematopoietic/CEMT0032.gDNA/problems/chr10:18024675-38818835",119605.4453125,92554.7993082238,113153.507957677
"H3K27me3_TDH_some/samples/ips/MS032901/problems/chr10:18024675-38818835",32607.380859375,14481.3566342211,77899.9984332409
"H3K27me3_TDH_some/samples/ips/MS033001/problems/chr10:18024675-38818835",19981.0625,20652.5676424047,75263.5167368457
"H3K27me3_TDH_some/samples/ips/MS033101/problems/chr10:18024675-38818835",54172.41796875,31259.9798198301,171465.541879434
