{"1":0.142857142857143,"2":0.25,"3":0.25,"4":0.333333333333333}
