{"1":0.285714285714286,"2":0.25,"3":0.5,"4":0.333333333333333}
