{"1":0,"2":0.0833333333333333,"3":0,"4":0.166666666666667}
