{"1":0,"2":0.166666666666667,"3":0,"4":0.166666666666667}
