{"1":0,"2":0.166666666666667,"3":0.583333333333333,"4":0.333333333333333}
