{"1":0.428571428571429,"2":0.0833333333333333,"3":0.583333333333333,"4":0.416666666666667}
