{"1":0.428571428571429,"2":0.166666666666667,"3":0.583333333333333,"4":0.416666666666667}
