{"1":0.285714285714286,"2":0.25,"3":0.583333333333333,"4":0.5}
