{"1":0.142857142857143,"2":0.166666666666667,"3":0.416666666666667,"4":0.5}
