{"1":0,"2":0.166666666666667,"3":0.416666666666667,"4":0.333333333333333}
