{"eta": 0.046415888336127774, "max_depth": 4, "min_child_weight": 0.1, "reg_alpha": 0.005, "reg_lambda": 0.5, "sigma": 1, "distribution": "logistic", "num_round": 86, "min_val_error": 10.144668999999999}