{"eta": 0.801, "max_depth": 10.0, "min_child_weight": 30.1, "reg_alpha": 1.425396519512469, "reg_lambda": 18.12737477913364, "sigma": 1, "distribution": "logistic", "num_round": 3227, "min_val_error": 7.137235}