{"eta": 0.901, "max_depth": 2.0, "min_child_weight": 60.1, "reg_alpha": 0.0909938114847958, "reg_lambda": 0.6713546586237403, "sigma": 1, "distribution": "logistic", "num_round": 4890, "min_val_error": 6.049172}