{"1_normal": 13.315629482269287, "1_logistic": 35.267395973205566, "1_extreme": 50.2574577331543, "2_normal": 13.455606937408447, "2_logistic": 35.97088360786438, "2_extreme": 50.908578395843506, "3_normal": 13.986116886138916, "3_logistic": 38.860010623931885, "3_extreme": 54.94512414932251, "4_normal": 13.387601375579834, "4_logistic": 35.65601825714111, "4_extreme": 50.6811900138855}