{"1_normal": 0.6147556304931641, "1_logistic": 1.2317683696746826, "1_extreme": 1.9675962924957275, "2_normal": 0.5790567398071289, "2_logistic": 1.1803216934204102, "2_extreme": 1.9025828838348389, "3_normal": 0.606020450592041, "3_logistic": 1.2122747898101807, "3_extreme": 2.0012266635894775, "4_normal": 0.600475549697876, "4_logistic": 1.2197978496551514, "4_extreme": 1.9583160877227783}