{"1": 6.881535053253174, "2": 7.630565643310547, "3": 7.872187376022339, "4": 6.853686332702637}