{"1": 725.9896147251129, "2": 734.1676683425903, "3": 757.2109181880951, "4": 737.9756906032562}