{"1_normal":236.097839514414,"1_logistic":236.097839514414,"1_extreme":236.097839514414,"2_normal":241.172744115194,"2_logistic":241.172744115194,"2_extreme":241.172744115194,"3_normal":249.351456483205,"3_logistic":249.351456483205,"3_extreme":249.351456483205,"4_normal":236.626464207967,"4_logistic":236.626464207967,"4_extreme":236.626464207967}
