{"1":708.293518543243,"2":723.518232345581,"3":748.054369449615,"4":709.879392623901}
