{"1": 9.569050312042236, "2": 9.618104457855225, "3": 7.7751686573028564, "4": 7.708550930023193}