{"1_normal": 106.39045572280884, "1_logistic": 263.999577999115, "1_extreme": 382.5828185081482, "2_normal": 107.02049207687378, "2_logistic": 269.27226400375366, "2_extreme": 387.4775114059448, "3_normal": 109.91402888298035, "3_logistic": 284.67333245277405, "3_extreme": 411.460444688797, "4_normal": 106.79632949829102, "4_logistic": 263.200400352478, "4_extreme": 382.751366853714}