{"1_normal":245.186221679052,"1_logistic":245.186221679052,"1_extreme":245.186221679052,"2_normal":247.928590933482,"2_logistic":247.928590933482,"2_extreme":247.928590933482,"3_normal":254.995362281799,"3_logistic":254.995362281799,"3_extreme":254.995362281799,"4_normal":248.561413844426,"4_logistic":248.561413844426,"4_extreme":248.561413844426}
