{"1": 701.4119834899902, "2": 715.8876667022705, "3": 740.1821820735931, "4": 703.0257062911987}