{"1":735.558665037155,"2":743.785772800446,"3":764.986086845398,"4":745.684241533279}
