{"1_1":8.59816002845764,"1_2":6.86393237113953,"1_3":11.1111013889313,"1_4":11.1513643264771,"1_5":7.92402815818787}
