{"2_1":6.13782620429993,"2_2":7.13507294654846,"2_3":6.18221139907837,"2_4":10.494603395462,"2_5":6.17228078842163}
