{"3_1":12.2341430187225,"3_2":12.9786775112152,"3_3":5.86312770843506,"3_4":17.7416741847992,"3_5":9.82966923713684}
