{"4_1":21.5841450691223,"4_2":13.0627150535583,"4_3":10.8471622467041,"4_4":7.76592111587524,"4_5":10.6857450008392}
