{"2":55.2628993988037,"4":44.8510458469391,"1":1.14656577110291,"3":1.21024787823359}
