train.size,percent.correct.labels,auc,percent.correct.intervals
2,,,
4,89.2857142857143,0.943452380952381,62.5
6,,,
8,,,
10,,,
12,,,
14,,,
16,,,
18,,,
20,,,
25,,,
30,78.5714285714286,0.925595238095238,37.5
32,50,0.926587301587302,0
