{"2":0.746725797653198,"1":0.703472375869751,"3":0.796913862228394,"4":0.886226654052734}
