{"3":2.53079748153687,"1":4.62441349029541,"2":3.09412431716919,"4":3.15502262115479}
