{"1":0.980769230769231,"2":0.653846153846154,"3":0.923076923076923,"4":0}
