{"1":0.980769230769231,"2":0.730769230769231,"3":0.942307692307692,"4":0.423076923076923}
