{"1":0.807692307692308,"2":0.634615384615385,"3":0.557692307692308,"4":0.269230769230769}
