{"1":0.192307692307692,"2":0.269230769230769,"3":0.230769230769231,"4":0.192307692307692}
