{"1":0.846153846153846,"2":0.75,"3":0.615384615384615,"4":0.230769230769231}
