{"1":0.980769230769231,"2":0.673076923076923,"3":0.923076923076923,"4":0.5}
