{"1":0.942307692307692,"2":0.615384615384615,"3":0.923076923076923,"4":0.615384615384615}
