{"1":0.980769230769231,"2":0.615384615384615,"3":0.961538461538462,"4":0}
