{"1":0.961538461538462,"2":0.653846153846154,"3":0.884615384615385,"4":0.269230769230769}
