{"1":0.980769230769231,"2":0.538461538461538,"3":0.923076923076923,"4":0.538461538461538}
