{"1":0.75,"2":0.615384615384615,"3":0.519230769230769,"4":0.230769230769231}
