{"1":0.846153846153846,"2":0.673076923076923,"3":0.615384615384615,"4":0.192307692307692}
