{"1":0.673076923076923,"2":0.596153846153846,"3":0.538461538461538,"4":0.192307692307692}
