{"1":0.980769230769231,"2":0.653846153846154,"3":0.942307692307692,"4":0.653846153846154}
