{"eta": 0.501, "max_depth": 2.0, "min_child_weight": 0.1, "reg_alpha": 0.004411131265033766, "reg_lambda": 1.2285998572873635, "sigma": 1, "distribution": "normal", "num_round": 19, "min_val_error": 2.534153}