{"eta": 0.401, "max_depth": 2.0, "min_child_weight": 0.1, "reg_alpha": 0.07530173869612367, "reg_lambda": 1.696921530125888, "sigma": 1, "distribution": "logistic", "num_round": 15, "min_val_error": 3.822496}