{"eta": 0.401, "max_depth": 2.0, "min_child_weight": 0.1, "reg_alpha": 0.0001071737781119448, "reg_lambda": 0.0024508246715422128}