{"eta": 0.201, "max_depth": 2.0, "min_child_weight": 0.1, "reg_alpha": 0.0011364396940545648, "reg_lambda": 1.144226494459745, "sigma": 1, "distribution": "logistic", "num_round": 16, "min_val_error": 3.4305730000000003}