{"eta": 0.7010000000000001, "max_depth": 2.0, "min_child_weight": 0.1, "reg_alpha": 0.029042878580368442, "reg_lambda": 1.043121056658937, "sigma": 1, "distribution": "normal", "num_round": 19, "min_val_error": 2.982361}