{"eta": 0.201, "max_depth": 4.0, "min_child_weight": 0.1, "reg_alpha": 0.17687661443016495, "reg_lambda": 0.007638482890932107, "sigma": 57.0, "distribution": "logistic", "num_round": 9009}