{"1": 1109.624270915985, "2": 1208.5172581672668, "3": 1122.0623466968536, "4": 1109.9373760223389}