{"1": 9.966912269592285, "2": 10.619574785232544, "3": 11.281951904296875, "4": 10.126056671142578}