{"1":1121.26674890518,"2":1220.72804546356,"3":1133.53594303131,"4":1121.36511421204}
