{"1": 1023.7390246391296, "2": 1106.588103055954, "3": 1083.8389625549316, "4": 1044.4204316139221}