{"1_normal": 2.0633697509765625, "1_logistic": 4.0869715213775635, "1_extreme": 5.9631264209747314, "2_normal": 2.296931505203247, "2_logistic": 4.554490327835083, "2_extreme": 6.648234605789185, "3_normal": 2.0742666721343994, "3_logistic": 4.115689754486084, "3_extreme": 5.9938576221466064, "4_normal": 2.03912615776062, "4_logistic": 4.084641218185425, "4_extreme": 5.938889026641846}