{"1_normal":373.755582968394,"1_logistic":373.755582968394,"1_extreme":373.755582968394,"2_normal":406.909348487854,"2_logistic":406.909348487854,"2_extreme":406.909348487854,"3_normal":377.84531434377,"3_logistic":377.84531434377,"3_extreme":377.84531434377,"4_normal":373.788371404012,"4_logistic":373.788371404012,"4_extreme":373.788371404012}
