{"1_normal": 49.28933930397034, "1_logistic": 100.67595982551575, "1_extreme": 138.83446502685547, "2_normal": 51.142688035964966, "2_logistic": 102.20424938201904, "2_extreme": 145.92612671852112, "3_normal": 45.07350158691406, "3_logistic": 90.50866675376892, "3_extreme": 128.01164865493774, "4_normal": 39.559216260910034, "4_logistic": 85.01442646980286, "4_extreme": 120.89111685752869}