{"1":1033.70593690872,"2":1117.20767784119,"3":1095.12091445923,"4":1054.54648828506}
