{"1_normal":344.568645636241,"1_logistic":344.568645636241,"1_extreme":344.568645636241,"2_normal":372.402559280396,"2_logistic":372.402559280396,"2_extreme":372.402559280396,"3_normal":365.040304819743,"3_logistic":365.040304819743,"3_extreme":365.040304819743,"4_normal":351.515496095022,"4_logistic":351.515496095022,"4_extreme":351.515496095022}
