{"1": 11.642477989196777, "2": 12.210787296295166, "3": 11.473596334457397, "4": 11.427738189697266}