{"1_normal": 308.9460184574127, "1_logistic": 636.6752898693085, "1_extreme": 934.6670255661011, "2_normal": 359.9073507785797, "2_logistic": 735.1821591854095, "2_extreme": 1075.835415840149, "3_normal": 314.99945545196533, "3_logistic": 644.6618826389313, "3_extreme": 940.1271851062775, "4_normal": 279.8009560108185, "4_logistic": 613.3937788009644, "4_extreme": 907.6353831291199}