{"1":0.571428571428571,"2":0.761904761904762,"3":0.571428571428571,"4":0.666666666666667}
