{"1":0.380952380952381,"2":0.904761904761905,"3":0.619047619047619,"4":0.761904761904762}
