{"1":0.666666666666667,"2":0.714285714285714,"3":0.619047619047619,"4":0.714285714285714}
