{"1":0.714285714285714,"2":0.380952380952381,"3":0.571428571428571,"4":0.761904761904762}
