{"1":0.571428571428571,"2":0.714285714285714,"3":0.476190476190476,"4":0.952380952380952}
