{"1":0.380952380952381,"2":0.904761904761905,"3":0.571428571428571,"4":0.857142857142857}
