{"1":0.666666666666667,"2":0.952380952380952,"3":0.714285714285714,"4":0.857142857142857}
