{"eta": 0.46415888336127775, "max_depth": 2, "min_child_weight": 0.1, "reg_alpha": 0.005, "reg_lambda": 0.5, "sigma": 10, "distribution": "extreme", "num_round": 50, "min_val_error": 13.734140999999997}