{"eta": 0.801, "max_depth": 2.0, "min_child_weight": 20.1, "reg_alpha": 0.003440059202707991, "reg_lambda": 3.9467085232201304}