{"eta": 0.6010000000000001, "max_depth": 6.0, "min_child_weight": 90.1, "reg_alpha": 0.6056366344356737, "reg_lambda": 9.480747884077328, "sigma": 1, "distribution": "logistic", "num_round": 1267, "min_val_error": 2.75367}