{"eta": 0.801, "max_depth": 2.0, "min_child_weight": 90.1, "reg_alpha": 13.752678679994736, "reg_lambda": 13.83220624963735, "sigma": 1, "distribution": "logistic", "num_round": 3603, "min_val_error": 2.267824}