{"eta": 1.001, "max_depth": 2.0, "min_child_weight": 70.1, "reg_alpha": 0.004987911457443973, "reg_lambda": 2.464253254387626, "sigma": 1, "distribution": "logistic", "num_round": 2775, "min_val_error": 2.2877289999999997}