{"1": 936.4920063018799, "2": 931.1832296848297, "3": 1058.8111717700958, "4": 920.8712074756622}