{"1_normal": 0.9450390338897705, "1_logistic": 1.8012897968292236, "1_extreme": 2.9130163192749023, "2_normal": 0.9641516208648682, "2_logistic": 1.8418898582458496, "2_extreme": 2.9559426307678223, "3_normal": 0.9500157833099365, "3_logistic": 1.8079023361206055, "3_extreme": 2.8836863040924072, "4_normal": 0.9627013206481934, "4_logistic": 1.8331198692321777, "4_extreme": 2.9428558349609375}