{"1_normal":314.810737689336,"1_logistic":314.810737689336,"1_extreme":314.810737689336,"2_normal":313.040747960409,"2_logistic":313.040747960409,"2_extreme":313.040747960409,"3_normal":356.486041545868,"3_logistic":356.486041545868,"3_extreme":356.486041545868,"4_normal":309.632322867711,"4_logistic":309.632322867711,"4_extreme":309.632322867711}
