{"1_normal": 153.37619042396545, "1_logistic": 343.6955769062042, "1_extreme": 519.4717280864716, "2_normal": 154.32811450958252, "2_logistic": 345.2931339740753, "2_extreme": 521.3269319534302, "3_normal": 151.86052298545837, "3_logistic": 340.34850335121155, "3_extreme": 514.8341724872589, "4_normal": 155.43292498588562, "4_logistic": 348.68470215797424, "4_extreme": 525.856968164444}