{"1": 7.94020676612854, "2": 7.939014196395874, "3": 10.646952867507935, "4": 8.025761127471924}