{"1_normal": 18.89737319946289, "1_logistic": 44.995465993881226, "1_extreme": 66.78318691253662, "2_normal": 19.23471760749817, "2_logistic": 45.21425414085388, "2_extreme": 67.03068041801453, "3_normal": 18.708930015563965, "3_logistic": 44.39204478263855, "3_extreme": 66.05449199676514, "4_normal": 19.143802404403687, "4_logistic": 45.526673316955566, "4_extreme": 67.41775488853455}