{"1":944.432213068008,"2":939.122243881226,"3":1069.4581246376,"4":928.896968603134}
