{"1": 793.6915464401245, "2": 880.4010310173035, "3": 797.6197092533112, "4": 832.815176486969}