{"1_normal":267.129454851151,"1_logistic":267.129454851151,"1_extreme":267.129454851151,"2_normal":296.103773355484,"2_logistic":296.103773355484,"2_extreme":296.103773355484,"3_normal":268.427435795466,"3_logistic":268.427435795466,"3_extreme":268.427435795466,"4_normal":280.160486221313,"4_logistic":280.160486221313,"4_extreme":280.160486221313}
