{"1":801.388364553452,"2":888.311320066452,"3":805.282307386398,"4":840.48145866394}
