{"2":0.646153846153846,"4":0.596774193548387,"1":0.436781609195402,"3":0.387096774193548}
