{"2":6.07802248001099,"4":4.81399321556091,"1":6.43994569778442,"3":4.09292459487915}
