{"2":0.184210526315789,"3":0.578947368421053,"1":0.447368421052632,"4":0.473684210526316}
