{"2":0.619044065475464,"3":0.648485422134399,"1":0.586849689483643,"4":0.647936105728149}
