{"eta": 0.30100000000000005, "max_depth": 6.0, "min_child_weight": 30.1, "reg_alpha": 0.023206643183113763, "reg_lambda": 0.01970410030194167, "sigma": 1, "distribution": "normal", "num_round": 4663, "min_val_error": 3.0788029999999997}