{"eta": 0.30100000000000005, "max_depth": 6.0, "min_child_weight": 30.1, "reg_alpha": 0.19331066479868025, "reg_lambda": 61.40173412522878, "sigma": 1, "distribution": "logistic", "num_round": 4836, "min_val_error": 4.981322}