{"1":0.918892185954501,"2":0.750503018108652,"3":0.848739495798319,"4":0.475524475524476}
