{"1":0.905044510385757,"2":0.682092555331992,"3":0.644257703081233,"4":0.356643356643357}
