{"1":0.859545004945598,"2":0.672032193158954,"3":0.619047619047619,"4":0.377622377622378}
