{"1":0.923837784371909,"2":0.744466800804829,"3":0.84593837535014,"4":0.454545454545455}
