{"1":0.85459940652819,"2":0.670020120724346,"3":0.599439775910364,"4":0.391608391608392}
