{"1":0.890207715133531,"2":0.668008048289738,"3":0.661064425770308,"4":0.370629370629371}
