{"1":0.858555885262117,"2":0.728370221327968,"3":0.812324929971989,"4":0.41958041958042}
