{"1":0.916913946587537,"2":0.740442655935614,"3":0.761904761904762,"4":0.426573426573427}
