{"1":0.923837784371909,"2":0.728370221327968,"3":0.829131652661064,"4":0.454545454545455}
