{"1":0.918892185954501,"2":0.734406438631791,"3":0.826330532212885,"4":0.461538461538462}
