{"1":0.916913946587537,"2":0.75251509054326,"3":0.773109243697479,"4":0.426573426573427}
