{"1":0.897131552917903,"2":0.750503018108652,"3":0.747899159663866,"4":0.412587412587413}
