{"1":0.783382789317507,"2":0.625754527162978,"3":0.557422969187675,"4":0.370629370629371}
