{"eta": 0.801, "max_depth": 2.0, "min_child_weight": 80.1, "reg_alpha": 55.71111760463742, "reg_lambda": 93.26698433862883, "sigma": 1.0, "distribution": "normal", "num_round": 8184}