{"eta": 0.6010000000000001, "max_depth": 2.0, "min_child_weight": 0.1, "reg_alpha": 0.0006151923356525205, "reg_lambda": 44.44960573600074, "sigma": 1, "distribution": "logistic", "num_round": 438, "min_val_error": 2.307389}