{"eta": 0.101, "max_depth": 2.0, "min_child_weight": 0.1, "reg_alpha": 0.0052517465350216735, "reg_lambda": 1.6210532938841709}