{"eta": 0.30100000000000005, "max_depth": 2.0, "min_child_weight": 20.1, "reg_alpha": 0.0216057795181473, "reg_lambda": 0.8802953102547415}