{"eta": 0.201, "max_depth": 2.0, "min_child_weight": 0.1, "reg_alpha": 0.039261897959037714, "reg_lambda": 3.7205769428418516}