{"eta": 0.101, "max_depth": 8.0, "min_child_weight": 10.1, "reg_alpha": 0.7399607300343597, "reg_lambda": 0.00030434206055658994, "sigma": 1, "distribution": "normal", "num_round": 70, "min_val_error": 2.172596}