{"eta": 0.801, "max_depth": 2.0, "min_child_weight": 0.1, "reg_alpha": 0.0006658332028452798, "reg_lambda": 80.85078067816039}