{"eta": 0.6010000000000001, "max_depth": 2.0, "min_child_weight": 0.1, "reg_alpha": 0.003926626603898693, "reg_lambda": 11.181854930658645}