{"eta": 0.201, "max_depth": 2.0, "min_child_weight": 0.1, "reg_alpha": 0.039261897959037714, "reg_lambda": 3.7205769428418516, "sigma": 1, "distribution": "logistic", "num_round": 221, "min_val_error": 4.205756}