{"eta": 0.001, "max_depth": 2.0, "min_child_weight": 50.1, "reg_alpha": 0.05770273182133758, "reg_lambda": 0.47362712697249754, "sigma": 1.0, "distribution": "logistic", "num_round": 9994}