{"eta": 0.501, "max_depth": 2.0, "min_child_weight": 10.1, "reg_alpha": 0.002342763768905744, "reg_lambda": 0.00019007155246842747, "sigma": 1, "distribution": "normal", "num_round": 97, "min_val_error": 2.739312}