{"eta": 0.201, "max_depth": 10.0, "min_child_weight": 90.1, "reg_alpha": 0.0566311640235097, "reg_lambda": 2.685299295273332, "sigma": 1.0, "distribution": "normal"}