{"eta": 0.901, "max_depth": 2.0, "min_child_weight": 20.1, "reg_alpha": 0.000549244697811503, "reg_lambda": 37.1000900938915, "sigma": 1.0, "distribution": "normal"}