{"1_normal": 3130.7831556797028, "1_logistic": 20793.90362048149, "1_extreme": 44896.13380908966, "2_normal": 31219.26275753975, "2_logistic": 54956.31655335426, "2_extreme": 85543.81875777245, "3_normal": 27508.25709629059, "3_logistic": 48408.37152647972, "3_extreme": 74976.48879790306, "4_normal": 17106.10986638069, "4_logistic": 30571.048038959503, "4_extreme": 47592.727741241455}