{"1": 3719.7050638198853, "2": 3853.8443582057953, "3": 4072.168019771576, "4": 3198.0610909461975}