{"1_normal":1734.61179852486,"1_logistic":1734.61179852486,"1_extreme":1734.61179852486,"2_normal":2315.09159700076,"2_logistic":2315.09159700076,"2_extreme":2315.09159700076,"3_normal":1911.79282538096,"3_logistic":1911.79282538096,"3_extreme":1911.79282538096,"4_normal":1329.71059131622,"4_logistic":1329.71059131622,"4_extreme":1329.71059131622}
