{"1": 70.75340342521667, "2": 79.16484880447388, "3": 57.29916954040527, "4": 69.2719898223877}