{"1":3790.4584672451,"2":3933.00920701027,"3":4129.46718931198,"4":3267.33308076859}
