{"1_normal":1263.48615574837,"1_logistic":1263.48615574837,"1_extreme":1263.48615574837,"2_normal":1311.00306900342,"2_logistic":1311.00306900342,"2_extreme":1311.00306900342,"3_normal":1376.48906310399,"3_logistic":1376.48906310399,"3_extreme":1376.48906310399,"4_normal":1089.11102692286,"4_logistic":1089.11102692286,"4_extreme":1089.11102692286}
