{"1_normal": 353.07210755348206, "1_logistic": 710.096076965332, "1_extreme": 1022.4356942176819, "2_normal": 453.00911831855774, "2_logistic": 866.9504289627075, "2_extreme": 1273.7319898605347, "3_normal": 356.10288858413696, "3_logistic": 748.3332884311676, "3_extreme": 1092.8532047271729, "4_normal": 236.7828574180603, "4_logistic": 482.38100147247314, "4_extreme": 709.8337812423706}