{"1": 5150.940945148468, "2": 6873.3370571136475, "3": 5678.8929805755615, "4": 3948.8320853710175}