{"1_normal": 14.418302774429321, "1_logistic": 28.289499044418335, "1_extreme": 43.202508211135864, "2_normal": 16.93874764442444, "2_logistic": 33.40627670288086, "2_extreme": 50.998727798461914, "3_normal": 15.242468357086182, "3_logistic": 30.089021682739258, "3_extreme": 45.89191675186157, "4_normal": 10.428633689880371, "4_logistic": 20.731318712234497, "4_extreme": 31.749958992004395}