{"1": 52.894450426101685, "2": 71.9377338886261, "3": 56.48549556732178, "4": 40.29968857765198}