{"1":5203.83539557457,"2":6945.27479100227,"3":5735.37847614288,"4":3989.13177394867}
