{"2":0.755002737045288,"4":0.812007427215576,"1":0.795974969863892,"3":0.786577939987183}
