{"3":1.3491005897522,"1":1.03639602661133,"2":1.3805992603302,"4":1.11415934562683}
