{"1":0.346774193548387,"2":0.306451612903226,"3":0.684615384615385,"4":0.540229885057471}
