{"1":0.443548387096774,"2":0.338709677419355,"3":0.638461538461538,"4":0.32183908045977}
