{"1":0.370967741935484,"2":0.306451612903226,"3":0.684615384615385,"4":0.0114942528735632}
