{"1":0.346774193548387,"2":0.298387096774194,"3":0.653846153846154,"4":0.517241379310345}
