{"1":0.169354838709677,"2":0.306451612903226,"3":0.630769230769231,"4":0.505747126436782}
