{"1":0.225806451612903,"2":0.169354838709677,"3":0.476923076923077,"4":0.563218390804598}
