{"1":0.354838709677419,"2":0.32258064516129,"3":0.615384615384615,"4":0.482758620689655}
