{"1":0.169354838709677,"2":0.298387096774194,"3":0.684615384615385,"4":0.551724137931034}
