{"1":0.346774193548387,"2":0.338709677419355,"3":0.676923076923077,"4":0.494252873563218}
