{"1":0.411290322580645,"2":0.370967741935484,"3":0.584615384615385,"4":0.402298850574713}
