{"1":0.00806451612903226,"2":0.362903225806452,"3":0.692307692307692,"4":0.494252873563218}
