{"1":0.330645161290323,"2":0.282258064516129,"3":0.630769230769231,"4":0.494252873563218}
