{"1":0.00806451612903226,"2":0.379032258064516,"3":0.7,"4":0.494252873563218}
