{"1":0.395161290322581,"2":0.330645161290323,"3":0.4,"4":0.390804597701149}
