{"1":0.403225806451613,"2":0.241935483870968,"3":0.692307692307692,"4":0.597701149425287}
