{"1":0.298387096774194,"2":0.370967741935484,"3":0.438461538461538,"4":0.310344827586207}
