{"eta": 0.501, "max_depth": 2.0, "min_child_weight": 60.1, "reg_alpha": 0.016228804897265147, "reg_lambda": 24.750517496291504, "sigma": 27.0, "distribution": "extreme"}