{"eta": 0.801, "max_depth": 2.0, "min_child_weight": 0.1, "reg_alpha": 0.0002384067870449454, "reg_lambda": 58.2470467798314, "sigma": 1, "distribution": "logistic", "num_round": 37, "min_val_error": 5.762818}