{"eta": 0.801, "max_depth": 2.0, "min_child_weight": 10.1, "reg_alpha": 0.686657878766831, "reg_lambda": 0.8529271360333683}