{"eta": 1.001, "max_depth": 2.0, "min_child_weight": 10.1, "reg_alpha": 0.025901954964006834, "reg_lambda": 25.276358976073716}