{"eta": 0.30100000000000005, "max_depth": 8.0, "min_child_weight": 90.1, "reg_alpha": 0.20724049749182336, "reg_lambda": 0.00023475677883589302, "sigma": 47.0, "distribution": "extreme"}