{"eta": 1.001, "max_depth": 2.0, "min_child_weight": 0.1, "reg_alpha": 0.029180824478696507, "reg_lambda": 5.6216455620440975}