{"eta": 0.6010000000000001, "max_depth": 2.0, "min_child_weight": 0.1, "reg_alpha": 0.001909548461668362, "reg_lambda": 69.89993448716909, "sigma": 1, "distribution": "logistic", "num_round": 119, "min_val_error": 6.049053000000001}