{"1_normal": 23.728995323181152, "1_logistic": 47.00640678405762, "1_extreme": 70.80112791061401, "2_normal": 24.085211753845215, "2_logistic": 47.65445899963379, "2_extreme": 72.13623404502869, "3_normal": 26.168312311172485, "3_logistic": 51.64506769180298, "3_extreme": 78.19079685211182, "4_normal": 24.031068563461304, "4_logistic": 47.495991945266724, "4_extreme": 71.63748669624329}