{"1":1922.959608078,"2":1885.14030385017,"3":2044.72008252144,"4":1809.63982605934}
