{"1_normal": 101.28167057037354, "1_logistic": 204.49699330329895, "1_extreme": 299.6370232105255, "2_normal": 111.01975107192993, "2_logistic": 216.53737688064575, "2_extreme": 313.2157347202301, "3_normal": 121.39484333992004, "3_logistic": 235.94604229927063, "3_extreme": 342.74206614494324, "4_normal": 109.70107913017273, "4_logistic": 213.26717925071716, "4_extreme": 314.75968766212463}