{"1_normal": 737.7475781440735, "1_logistic": 1583.4971051216125, "1_extreme": 2498.216588973999, "2_normal": 819.0535237789154, "2_logistic": 1693.0709071159363, "2_extreme": 2583.584881067276, "3_normal": 824.3016202449799, "3_logistic": 1780.0662417411804, "3_extreme": 2756.9861629009247, "4_normal": 837.0037324428558, "4_logistic": 3266.514033794403, "4_extreme": 10476.291502952576}