{"1": 1906.0853910446167, "2": 1856.642959356308, "3": 2026.8857672214508, "4": 1793.1672492027283}