{"1":0.942307692307692,"2":0.730769230769231,"3":0.942307692307692,"4":0.192307692307692}
