{"eta": 0.901, "max_depth": 10.0, "min_child_weight": 0.1, "reg_alpha": 0.0010726463484453067, "reg_lambda": 0.02622724602927135, "sigma": 13.0, "distribution": "normal"}