{"eta": 0.7010000000000001, "max_depth": 4.0, "min_child_weight": 60.1, "reg_alpha": 1.8620263122090663, "reg_lambda": 15.64838803915315, "sigma": 81.0, "distribution": "extreme"}