{"eta": 0.7010000000000001, "max_depth": 10.0, "min_child_weight": 70.1, "reg_alpha": 1.171955311216932, "reg_lambda": 25.86689755890931, "sigma": 74.0, "distribution": "normal"}