{"3":6.29021859169006,"1":5.91102623939514,"2":4.77751088142395,"4":6.20459771156311}
