train.size,percent.correct.labels,auc,N.test,percent.correct.intervals
2,57.2916666666667,0.961476725521669,96,57.2916666666667
4,57.2916666666667,0.961476725521669,96,57.2916666666667
6,57.2916666666667,0.961476725521669,96,57.2916666666667
8,75,0.961476725521669,96,75
10,81.25,0.961476725521669,96,81.25
12,81.25,0.961476725521669,96,81.25
14,81.25,0.961476725521669,96,81.25
16,81.25,0.961476725521669,96,81.25
18,81.25,0.961476725521669,96,81.25
20,81.25,0.961476725521669,96,81.25
25,79.1666666666667,0.961476725521669,96,79.1666666666667
30,79.1666666666667,0.961476725521669,96,79.1666666666667
35,79.1666666666667,0.961476725521669,96,79.1666666666667
40,79.1666666666667,0.961476725521669,96,79.1666666666667
45,79.1666666666667,0.961476725521669,96,79.1666666666667
50,80.2083333333333,0.961476725521669,96,80.2083333333333
55,80.2083333333333,0.961476725521669,96,80.2083333333333
60,80.2083333333333,0.961476725521669,96,80.2083333333333
