train.size,percent.correct.labels,auc,percent.correct.intervals
2,,,
4,75,0.861454046639232,40.7407407407407
6,79.6296296296296,0.899691358024691,53.0864197530864
8,,,
10,,,
12,,,
14,,,
16,,,
18,,,
20,,,
25,,,
30,,,
35,,,
40,,,
45,,,
50,,,
55,,,
60,,,
65,,,
70,,,
75,,,
80,,,
85,,,
90,,,
95,,,
100,,,
189,81.1728395061728,0.920238911751257,58.0246913580247
