{"2":3.61599397659302,"4":3.09855246543884,"1":2.61966609954834,"3":3.53602337837219}
