{"1":0.387096774193548,"2":0.306451612903226,"3":0.692307692307692,"4":0.505747126436782}
