{"1":0.435483870967742,"2":0.362903225806452,"3":0.615384615384615,"4":0.344827586206897}
