{"eta": 0.101, "max_depth": 2.0, "min_child_weight": 0.1, "reg_alpha": 0.0033023231674041823, "reg_lambda": 0.42210433833730293}