{"3":2198.8326215744,"4":1998.08727574348,"1":1840.00547218323,"2":1830.37135648727}
