{"3": 2176.3885238170624, "4": 1977.9618473052979, "1": 1820, "2": 1810}