{"1_normal":640.986536026001,"1_logistic":640.986536026001,"1_extreme":640.986536026001,"2_normal":628.380101283391,"2_logistic":628.380101283391,"2_extreme":628.380101283391,"3_normal":681.573360840479,"3_logistic":681.573360840479,"3_extreme":681.573360840479,"4_normal":603.213275353114,"4_logistic":603.213275353114,"4_extreme":603.213275353114}
