{"1": 20.00547218322754, "2": 20.37135648727417, "3": 22.444097757339478, "4": 20.125428438186646}