{"3_normal":732.944207191467,"3_logistic":732.944207191467,"3_extreme":732.944207191467,"4_normal":666.029091914495,"4_logistic":666.029091914495,"4_extreme":666.029091914495,"1_normal":613.335157394409,"1_logistic":613.335157394409,"1_extreme":613.335157394409,"2_normal":610.123785495758,"2_logistic":610.123785495758,"2_extreme":610.123785495758}
