{"1_normal": 4.310478210449219, "1_logistic": 8.668549537658691, "1_extreme": 13.190312147140503, "2_normal": 4.3718626499176025, "2_logistic": 8.782587766647339, "2_extreme": 13.346581220626831, "3_normal": 4.65425705909729, "3_logistic": 9.378307342529297, "3_extreme": 14.291303396224976, "4_normal": 4.31630539894104, "4_logistic": 8.684663534164429, "4_extreme": 13.193602800369263}