{"1": 16.87421703338623, "2": 28.497344493865967, "3": 17.834315299987793, "4": 16.47257685661316}