{"3":0.346153846153846,"1":0.384615384615385,"2":0.461538461538462,"4":0.230769230769231}
