{"3":1.28822374343872,"1":0.59674596786499,"2":0.818319797515869,"4":0.746857166290283}
