train.size,percent.correct.labels,auc,percent.correct.intervals
2,,,
4,,,
6,,,
8,,,
10,,,
12,,,
14,,,
16,,,
18,,,
20,,,
25,,,
30,66.6666666666667,0.918526785714286,12.5
32,66.6666666666667,0.911086309523809,12.5
