{"eta": 0.501, "max_depth": 2.0, "min_child_weight": 40.1, "reg_alpha": 0.00040991206401592176, "reg_lambda": 0.9814693531342946, "sigma": 1.0, "distribution": "normal", "num_round": 40}