{"eta": 0.101, "max_depth": 2.0, "min_child_weight": 10.1, "reg_alpha": 0.00015303487932830247, "reg_lambda": 0.19345644454749095, "sigma": 1.0, "distribution": "normal"}