{"eta": 0.501, "max_depth": 2.0, "min_child_weight": 10.1, "reg_alpha": 0.02466196017528009, "reg_lambda": 0.0001435631631837924, "sigma": 1.0, "distribution": "normal"}