{"eta": 1.001, "max_depth": 2.0, "min_child_weight": 70.1, "reg_alpha": 58.39647845969046, "reg_lambda": 0.13529916706690512}