{"eta": 0.901, "max_depth": 2.0, "min_child_weight": 60.1, "reg_alpha": 44.61808446803337, "reg_lambda": 0.00028830244255523534}