{"eta": 0.6010000000000001, "max_depth": 2.0, "min_child_weight": 10.1, "reg_alpha": 84.4854487813242, "reg_lambda": 54.91857150815106}