{"1":0.904055390702275,"2":0.734406438631791,"3":0.697478991596639,"4":0.426573426573427}
