{"1":0.900098911968348,"2":0.71830985915493,"3":0.728291316526611,"4":0.356643356643357}
