{"1":0.657142857142857,"2":0.880952380952381,"3":0.923809523809524,"4":0.880952380952381}
