{"1":0.847619047619048,"2":0.821428571428571,"3":0.971428571428571,"4":0.865079365079365}
