{"1":0.885714285714286,"2":0.821428571428571,"3":0.904761904761905,"4":0.880952380952381}
