{"1":0.857142857142857,"2":0.857142857142857,"3":0.980952380952381,"4":0.880952380952381}
