{"1":0,"2":0.869047619047619,"3":0.971428571428571,"4":0}
