{"1":0.876190476190476,"2":0.845238095238095,"3":0.980952380952381,"4":0.873015873015873}
