{"1":0.838095238095238,"2":0.845238095238095,"3":0.980952380952381,"4":0.880952380952381}
