{"1":0.876190476190476,"2":0.857142857142857,"3":0.961904761904762,"4":0.880952380952381}
