{"1":0.876190476190476,"2":0.726190476190476,"3":0.904761904761905,"4":0.849206349206349}
