{"1":0.866666666666667,"2":0.821428571428571,"3":0.971428571428571,"4":0.865079365079365}
