{"1":0.857142857142857,"2":0.833333333333333,"3":0.904761904761905,"4":0.857142857142857}
