{"1":0.647619047619048,"2":0.880952380952381,"3":0.990476190476191,"4":0.873015873015873}
