{"1":0.866666666666667,"2":0.833333333333333,"3":0.933333333333333,"4":0.865079365079365}
