{"1":0.885714285714286,"2":0.821428571428571,"3":0.971428571428571,"4":0.865079365079365}
