{"eta": 0.901, "max_depth": 2.0, "min_child_weight": 0.1, "reg_alpha": 0.0004453261648383073, "reg_lambda": 32.559482131930764, "sigma": 1, "distribution": "normal", "num_round": 113, "min_val_error": 1.5685230000000001}