{"eta": 0.501, "max_depth": 2.0, "min_child_weight": 0.1, "reg_alpha": 0.0026298969883128544, "reg_lambda": 28.819590955396077, "sigma": 1, "distribution": "logistic", "num_round": 95, "min_val_error": 2.337077}