{"eta": 0.901, "max_depth": 2.0, "min_child_weight": 0.1, "reg_alpha": 0.001372368090984436, "reg_lambda": 15.157614854530761, "sigma": 1, "distribution": "logistic", "num_round": 17, "min_val_error": 2.702338}