{"eta": 0.401, "max_depth": 2.0, "min_child_weight": 0.1, "reg_alpha": 0.001227927520047446, "reg_lambda": 6.552424951738011}