{"eta": 0.401, "max_depth": 2.0, "min_child_weight": 0.1, "reg_alpha": 0.5838377861243318, "reg_lambda": 11.775701671217027, "sigma": 1.0, "distribution": "logistic"}