{"eta": 1.001, "max_depth": 6.0, "min_child_weight": 70.1, "reg_alpha": 0.0010482621548601316, "reg_lambda": 6.628347196038062, "sigma": 1.0, "distribution": "logistic"}