{"eta": 0.901, "max_depth": 2.0, "min_child_weight": 10.1, "reg_alpha": 0.004635464315910654, "reg_lambda": 5.80992966258797, "sigma": 1, "distribution": "normal", "num_round": 74, "min_val_error": 1.116263}