{"eta": 0.004641588833612777, "max_depth": 2, "min_child_weight": 0.1, "reg_alpha": 0.005, "reg_lambda": 0.5, "sigma": 1, "distribution": "logistic", "num_round": 3049, "min_val_error": 2.3071889999999997}