{"eta": 0.101, "max_depth": 2.0, "min_child_weight": 0.1, "reg_alpha": 0.003922518900167601, "reg_lambda": 0.018482216926001667}