{"eta": 0.7010000000000001, "max_depth": 2.0, "min_child_weight": 10.1, "reg_alpha": 0.00026227192745291233, "reg_lambda": 0.0032716262521891525, "sigma": 1.0, "distribution": "normal"}