{"eta": 0.6010000000000001, "max_depth": 2.0, "min_child_weight": 50.1, "reg_alpha": 0.03736408569936256, "reg_lambda": 0.02460523322400708, "sigma": 1.0, "distribution": "normal", "num_round": 2766}