{"1_normal": 95.98240399360657, "1_logistic": 191.56547260284424, "1_extreme": 284.8938539028168, "2_normal": 92.75865507125854, "2_logistic": 182.2070300579071, "2_extreme": 265.44068002700806, "3_normal": 92.55811667442322, "3_logistic": 182.79548525810242, "3_extreme": 266.0973913669586, "4_normal": 88.03222584724426, "4_logistic": 172.25104999542236, "4_extreme": 248.8442575931549}