{"1": 14.944154024124146, "2": 14.45673680305481, "3": 13.973378896713257, "4": 13.575101137161255}