{"1":1752.36833667755,"2":1709.84489417076,"3":1665.34851098061,"4":1543.67113876343}
