{"4":1866.44215202332,"1":1889.1403055191,"3":1988.62310393333,"2":1928.2599978447}
