{"1": 21.652135610580444, "2": 20.771827936172485, "3": 20.80493402481079, "4": 18.95398211479187}