{"1": 1737.4241826534271, "2": 1695.3881573677063, "3": 1651.3751320838928, "4": 1530.0960376262665}