{"4_normal":622.147384007772,"4_logistic":622.147384007772,"4_extreme":622.147384007772,"1_normal":629.713435173035,"1_logistic":629.713435173035,"1_extreme":629.713435173035,"3_normal":662.874367977778,"3_logistic":662.874367977778,"3_extreme":662.874367977778,"2_normal":642.753332614899,"2_logistic":642.753332614899,"2_extreme":642.753332614899}
