{"1_normal": 4.407033920288086, "1_logistic": 8.766250610351562, "1_extreme": 13.271541595458984, "2_normal": 4.284137964248657, "2_logistic": 8.425583600997925, "2_extreme": 12.705181360244751, "3_normal": 4.277637481689453, "3_logistic": 8.453774213790894, "3_extreme": 12.698338508605957, "4_normal": 4.054847717285156, "4_logistic": 8.038560152053833, "4_extreme": 12.127952575683594}