{"4": 1847.4881699085236, "1": 1867.4881699085236, "3": 1967.8181699085235, "2": 1907.4881699085236}