{"1_normal":584.122778892517,"1_logistic":584.122778892517,"1_extreme":584.122778892517,"2_normal":569.94829805692,"2_logistic":569.94829805692,"2_extreme":569.94829805692,"3_normal":555.116170326869,"3_logistic":555.116170326869,"3_extreme":555.116170326869,"4_normal":514.557046254476,"4_logistic":514.557046254476,"4_extreme":514.557046254476}
