train.size,percent.correct.labels,auc,percent.correct.intervals
2,,,
4,,,
6,,,
8,,,
10,,,
12,,,
14,,,
16,,,
18,,,
20,,,
25,92.5,0.995238095238095,80
30,99.1666666666667,0.995436507936508,93.3333333333333
35,96.6666666666667,0.993650793650794,86.6666666666667
40,96.6666666666667,0.996428571428572,86.6666666666667
45,96.6666666666667,0.996428571428572,86.6666666666667
50,96.6666666666667,0.99484126984127,86.6666666666667
55,100,0.997619047619048,100
60,100,0.997619047619048,100
