{"3":0.210526315789474,"2":0.473684210526316,"1":0.157894736842105,"4":0.368421052631579}
