{"3":5.52040934562683,"2":5.88687586784363,"1":5.84721922874451,"4":5.49344944953918}
