train.size,percent.correct.labels,auc,percent.correct.intervals
2,0,0.907174556213018,0
4,0,0.907174556213018,0
6,0,0.907174556213018,0
8,0,0.907174556213018,0
10,0,0.907174556213018,0
12,0,0.907174556213018,0
14,0,0.907174556213018,0
16,0,0.907174556213018,0
18,0,0.907174556213018,0
20,0,0.907174556213018,0
25,0,0.907174556213018,0
30,0,0.907174556213018,0
35,0,0.907174556213018,0
40,0,0.907174556213018,0
45,0,0.907174556213018,0
50,0,0.907174556213018,0
52,0,0.907174556213018,0
